Link Name,Center of Mass X,Center of Mass Y,Center of Mass Z,Center of Mass Roll,Center of Mass Pitch,Center of Mass Yaw,Mass,Moment Ixx,Moment Ixy,Moment Ixz,Moment Iyy,Moment Iyz,Moment Izz,Visual X,Visual Y,Visual Z,Visual Roll,Visual Pitch,Visual Yaw,Mesh Filename,Color Red,Color Green,Color Blue,Color Alpha,Collision X,Collision Y,Collision Z,Collision Roll,Collision Pitch,Collision Yaw,Collision Mesh Filename,Material Name,SW Components,Coordinate System,Axis Name,Joint Name,Joint Type,Joint Origin X,Joint Origin Y,Joint Origin Z,Joint Origin Roll,Joint Origin Pitch,Joint Origin Yaw,Parent,Joint Axis X,Joint Axis Y,Joint Axis Z,Limit Effort,Limit Velocity,Limit Lower,Limit Upper,Calibration rising,Calibration falling,Dynamics Damping,Dynamics Friction,Safety Soft Upper,Safety Soft Lower,Safety K Position,Safety K Velocity
base_link,-0.00663048681256383,0.0175443697074708,0.0233209864426166,0,0,0,0.526396151597731,0.000417817383665928,5.01342166268647E-06,-1.56852340543623E-09,0.000627455096895445,-4.29677239428762E-07,0.000382732785757578,0,0,0,0,0,0,package://Haro for simulation 20250304.SLDASM/meshes/base_link.STL,0.752941176470588,0.752941176470588,0.752941176470588,1,0,0,0,0,0,0,package://Haro for simulation 20250304.SLDASM/meshes/base_link.STL,,装配体1^Haro for simulation 20250304-1,Origin_global,,,,0,0,0,0,0,0,,0,0,0,,,,,,,,,,,,
link1,0.0128770118114447,0.0565249795672371,0.00147604943880107,0,0,0,2.72936756810847,0.0010759021185687,-4.28034607579799E-05,-9.11571679330103E-05,0.00192082556020231,-1.02809202809144E-05,0.00143941906622717,0,0,0,0,0,0,package://Haro for simulation 20250304.SLDASM/meshes/link1.STL,0.752941176470588,0.752941176470588,0.752941176470588,1,0,0,0,0,0,0,package://Haro for simulation 20250304.SLDASM/meshes/link1.STL,,装配体2^Haro for simulation 20250304-1,Origin_link1,Axis_link1,link1,continuous,-0.00514835251354471,-0.023335957070111,0.0187563538362348,1.5707963267949,0,0,base_link,0.00333661045221484,-0.999994134332562,0.000773518687709474,,,,,,,,,,,,
link2,-0.000199859852569859,0.0648778915907384,0.0124127938677199,0,0,0,0.785191969094292,0.00240986362184353,-1.0556845886997E-05,1.8828589925851E-08,0.000182231938645832,-6.04823600215638E-06,0.0025535464234306,0,0,0,0,0,0,package://Haro for simulation 20250304.SLDASM/meshes/link2.STL,0.752941176470588,0.752941176470588,0.752941176470588,1,0,0,0,0,0,0,package://Haro for simulation 20250304.SLDASM/meshes/link2.STL,,0200 big arm-1,Origin_link2,Axis_link2,link2,continuous,0.0411406286943447,0.0816296404626263,0.0515544016687799,-0.0146640679730046,-0.227339266460606,0.064975075554775,link1,0,0,1,,,,,,,,,,,,
link3,0.0237203487301872,0.00153042914392321,-0.0424230085835605,0,0,0,1.21158473851859,0.000374303548615213,-6.79843796990048E-06,-0.000104863820627535,0.000799995599675535,-1.55098457658068E-06,0.000804282629684258,0,0,0,0,0,0,package://Haro for simulation 20250304.SLDASM/meshes/link3.STL,0.752941176470588,0.752941176470588,0.752941176470588,1,0,0,0,0,0,0,package://Haro for simulation 20250304.SLDASM/meshes/link3.STL,,装配体3^Haro for simulation 20250304-1,Origin_link3,Axis_link3,link3,continuous,0,0.136,0,0,0.227803554679969,-0.0633009703760997,link2,0.225838370334205,0,-0.974164786103866,,,,,,,,,,,,
link4,0.065394784523752,6.5385436775478E-05,-0.00572717695500057,0,0,0,0.676888671588543,0.000105530539619616,2.07226626178867E-07,-2.96291259482207E-06,0.000207054391347242,8.24761246505067E-08,0.000255524965218809,0,0,0,0,0,0,package://Haro for simulation 20250304.SLDASM/meshes/link4.STL,0.752941176470588,0.752941176470588,0.752941176470588,1,0,0,0,0,0,0,package://Haro for simulation 20250304.SLDASM/meshes/link4.STL,,0302 J501-1,Origin_link4,Axis_link4,link4,continuous,0.0982321336118875,0.00254378055214771,-0.019243936378873,-0.0211719296507254,-0.227713721461055,0.0285777910580322,link3,1,0,0,,,,,,,,,,,,
link5,-0.00244706892268282,-0.00543892826125819,-0.000531336387488417,0,0,0,0.170669710243028,4.39652554721282E-05,-2.31339268833441E-07,2.37780245553892E-08,5.72119529775907E-05,-4.06156922282761E-08,5.48409422703555E-05,0,0,0,0,0,0,package://Haro for simulation 20250304.SLDASM/meshes/link5.STL,0.752941176470588,0.752941176470588,0.752941176470588,1,0,0,0,0,0,0,package://Haro for simulation 20250304.SLDASM/meshes/link5.STL,,0303 J6 all-1,Origin_link5,Axis_link5,link5,continuous,0.114116322262356,0,0,5.55081827650188E-05,0.00147464270232362,1.60842036175689,link4,0,0,1,,,,,,,,,,,,
